Forecast #,  Forecast Issue Date,     1week,  2week
         1,             09/06/21,       100,     75,
         2,             09/13/21,              ,
         3,             09/20/21,              ,
         4,             09/27/21,              ,
         5,             10/04/21,              ,
         6,             10/11/21,              ,
         7,             10/18/21,              ,
         8,             10/25/21,              ,
         9,             11/01/21,              ,
        10,             11/08/21,              ,
        11,             11/15/21,              ,
        12,             11/22/21,              ,  
        13,             11/29/21,              ,  